player_id,player_name,obpi_mean,obpi_median,obpi_matches,obpi_team_names,fifa_player_id,fifa_short_name,fifa_long_name,fifa_positions,fifa_club_name,fifa_league_name,fifa_nationality_name,fifa_version,fifa_update,fifa_update_date,fifa_overall,fifa_potential,fifa_pace,fifa_shooting,fifa_passing,fifa_dribbling,fifa_defending,fifa_physic,fifa_vision,fifa_reactions,match_type,match_confidence
3441,Nikola Vlašić,0.8178335517316626,0.8178335517316626,1,Croatia,241095,N. Vlašić,Nikola Vlašić,"CF, LM, CAM",Torino,Serie A,Croatia,23,9,2023-01-13,78,81,79.0,76.0,75.0,81.0,47.0,69.0,77,76,exact_name,1.0
105848,Ismaël Gharbi,0.7908207695611845,0.7908207695611845,1,Paris Saint-Germain,263194,I. Gharbi,Ismaël Gharbi,"LW, CAM",Paris Saint Germain,Ligue 1,Spain,23,9,2023-01-13,64,78,68.0,55.0,60.0,72.0,40.0,38.0,64,55,exact_name,1.0
24841,Ricard Puig Martí,0.7635911318257336,0.7635911318257336,2,Barcelona,242816,Riqui Puig,Ricard Puig Martí,CM,LA Galaxy,Major League Soccer,Spain,23,9,2023-01-13,75,83,65.0,64.0,73.0,80.0,58.0,49.0,80,73,exact_name,1.0
31955,Jakub Kamiński,0.7575262111373086,0.7575262111373086,1,Poland,252495,J. Kamiński,Jakub Kamiński,"LM, LW",VfL Wolfsburg,Bundesliga,Poland,23,9,2023-01-13,74,84,89.0,67.0,66.0,77.0,47.0,58.0,71,60,exact_name,1.0
5477,Ousmane Dembélé,0.7567638893744866,0.7567638893744866,1,France,231443,O. Dembélé,Ousmane Dembélé,"RW, LW",FC Barcelona,La Liga,France,23,9,2023-01-13,83,86,93.0,77.0,79.0,87.0,36.0,56.0,81,78,exact_name,1.0
48425,Alan Virginius,0.749277057464194,0.749277057464194,1,Lille,257319,A. Virginius,Alan Virginius,RM,Lille,Ligue 1,France,23,9,2023-01-13,67,84,90.0,57.0,58.0,71.0,27.0,40.0,58,55,exact_name,1.0
18360,Rafael Alexandre Conceição Leão,0.7480759327528274,0.7480759327528274,1,Portugal,241721,Rafael Leão,Rafael Alexandre Conceição Leão,"LW, LM",Milan,Serie A,Portugal,23,9,2023-01-13,84,90,91.0,77.0,73.0,86.0,27.0,74.0,74,83,exact_name,1.0
8784,Romano Schmid,0.725867744762848,0.725867744762848,1,Austria,239701,R. Schmid,Romano Christian Schmid,"CAM, CM",Werder Bremen,Bundesliga,Austria,23,9,2023-01-13,73,79,79.0,64.0,69.0,78.0,51.0,56.0,70,69,token_containment,0.94
3233,Raheem Sterling,0.7156737640302863,0.7156737640302863,1,England,202652,R. Sterling,Raheem Sterling,"LW, RW, ST",Chelsea,Premier League,England,23,9,2023-01-13,85,85,90.0,79.0,78.0,86.0,45.0,67.0,80,89,exact_name,1.0
66886,Mostafa Mohamed Ahmed Abdallah,0.714318808341293,0.714318808341293,1,Nantes,254247,M. Mohamed,Mostafa Mohamed Ahmed Abdallah,ST,Nantes,Ligue 1,Egypt,23,9,2023-01-13,74,79,70.0,74.0,57.0,69.0,38.0,79.0,57,67,exact_name,1.0
9929,Diogo José Teixeira da Silva,0.7076011471232952,0.7076011471232952,1,Portugal,224458,Diogo Jota,Diogo José Teixeira da Silva,"CF, LW",Liverpool,Premier League,Portugal,23,9,2023-01-13,85,88,85.0,83.0,75.0,85.0,57.0,77.0,77,87,exact_name,1.0
5536,Yussuf Yurary Poulsen,0.7074824790393694,0.7074824790393694,2,Denmark,207791,Y. Poulsen,Yussuf Yurary Poulsen,ST,RB Leipzig,Bundesliga,Denmark,23,9,2023-01-13,77,77,78.0,71.0,67.0,74.0,56.0,81.0,71,82,exact_name,1.0
8227,Mario Götze,0.7070838361092923,0.7070838361092923,1,Germany,192318,M. Götze,Mario Götze,"CAM, CM, LM",Eintracht Frankfurt,Bundesliga,Germany,23,9,2023-01-13,82,82,67.0,75.0,83.0,84.0,55.0,67.0,86,81,exact_name,1.0
29962,Nathanaël Mbuku,0.7038640321135609,0.7038640321135609,1,Stade de Reims,253036,N. Mbuku,Nathanaël Mbuku,"CF, RM, CAM",Reims,Ligue 1,France,23,9,2023-01-13,72,81,77.0,66.0,70.0,78.0,35.0,53.0,72,65,exact_name,1.0
8561,Fabian Frei,0.6984991864598288,0.6984991864598288,1,Switzerland,183346,F. Frei,Fabian Frei,"CB, CDM",Basel,Super League,Switzerland,23,9,2023-01-13,69,69,51.0,69.0,70.0,68.0,71.0,70.0,68,67,exact_name,1.0
27826,Ondřej Lingr,0.686153057827682,0.686153057827682,2,Czech Republic,258208,O. Lingr,Ondřej Lingr,"CAM, LM, RM",Slavia Praha,Fortuna Liga,Czech Republic,23,9,2023-01-13,74,79,78.0,73.0,69.0,76.0,44.0,78.0,70,70,exact_name,1.0
5538,Denis Lemi Zakaria Lako Lado,0.6816500199683868,0.6816500199683868,2,Switzerland,229261,D. Zakaria,Denis Lemi Zakaria Lako Lado,"CDM, CM",Chelsea,Premier League,Switzerland,23,9,2023-01-13,81,86,82.0,64.0,73.0,77.0,80.0,84.0,73,82,exact_name,1.0
48543,Benedict Hollerbach,0.6766099425333529,0.6766099425333529,1,Union Berlin,258715,B. Hollerbach,Benedict Hollerbach,"ST, LM, RM",Wehen Wiesbaden,3. Liga,Germany,23,9,2023-01-13,65,69,73.0,64.0,56.0,66.0,27.0,70.0,58,62,exact_name,1.0
10285,Stuart Armstrong,0.676487303418703,0.676487303418703,1,Scotland,202282,S. Armstrong,Stuart Armstrong,"RM, CM",Southampton,Premier League,Scotland,23,9,2023-01-13,76,76,70.0,77.0,73.0,76.0,65.0,71.0,72,77,exact_name,1.0
21633,Joey Veerman,0.6736272452996064,0.6736272452996064,1,Netherlands,253109,J. Veerman,Joey Veerman,"CM, CDM, CAM",PSV,Eredivisie,Netherlands,23,9,2023-01-13,78,83,63.0,70.0,81.0,78.0,65.0,74.0,84,75,exact_name,1.0
11457,Vincent Sierro,0.6725177687310807,0.6725177687310807,1,Switzerland,228593,V. Sierro,Vincent Olivier Sierro,CM,Young Boys,Super League,Switzerland,23,9,2023-01-13,69,70,65.0,59.0,65.0,65.0,61.0,73.0,70,70,token_containment,0.94
16212,Óscar Rodríguez Arnaiz,0.6702963786452756,0.6702963786452756,1,Sevilla,239335,Óscar,Óscar Rodríguez Arnaiz,"CM, RM, LM",Celta de Vigo,La Liga,Spain,23,9,2023-01-13,76,81,59.0,75.0,76.0,76.0,56.0,55.0,78,76,exact_name,1.0
3913,Edimilson Fernandes,0.6694731225801441,0.6694731225801441,1,Switzerland,215556,E. Fernandes,Edimilson Fernandes Ribeiro,"CB, CM, RWB",FSV Mainz 05,Bundesliga,Switzerland,23,9,2023-01-13,73,75,68.0,65.0,69.0,73.0,76.0,68.0,62,76,token_containment,0.94
26280,Orbelín Pineda Alvarado,0.6603173207770167,0.6603173207770167,1,Mexico,224574,O. Pineda,Orbelín Pineda Alvarado,"CAM, CM",AEK Athens,Super League,Mexico,23,9,2023-01-13,75,76,81.0,75.0,70.0,79.0,62.0,66.0,70,70,exact_name,1.0
11603,Mario Pašalić,0.6504270242208761,0.6504270242208761,1,Croatia,223273,M. Pašalić,Mario Pašalić,"CAM, CF, CM",Atalanta,Serie A,Croatia,23,9,2023-01-13,81,81,75.0,79.0,76.0,81.0,67.0,77.0,77,78,exact_name,1.0
5834,Mario Gavranović,0.6489608163556159,0.6489608163556159,1,Switzerland,179565,M. Gavranović,Mario Gavranović,ST,Kayserispor,Super Lig,Switzerland,23,9,2023-01-13,73,73,62.0,74.0,60.0,72.0,38.0,65.0,61,70,exact_name,1.0
9974,John McGinn,0.6479287522027297,0.6479287522027297,2,Scotland,210881,J. McGinn,John McGinn,"CM, CDM",Aston Villa,Premier League,Scotland,23,9,2023-01-13,78,78,69.0,74.0,75.0,77.0,73.0,81.0,76,78,exact_name,1.0
4354,Philip Foden,0.6476004681671771,0.6476004681671771,1,England,237692,P. Foden,Philip Foden,"LW, CF, CAM",Manchester City,Premier League,England,23,9,2023-01-13,85,92,82.0,78.0,83.0,88.0,57.0,60.0,85,83,exact_name,1.0
3457,Michy Batshuayi Tunga,0.646813048446484,0.646813048446484,1,Belgium,204529,M. Batshuayi,Michy Batshuayi Tunga,ST,Fenerbahçe,Super Lig,Belgium,23,9,2023-01-13,77,77,78.0,78.0,61.0,76.0,36.0,76.0,64,76,exact_name,1.0
5545,Breel-Donald Embolo,0.6460223556238519,0.6000189231518722,3,AS Monaco; Switzerland,222357,B. Embolo,Breel-Donald Embolo,ST,Monaco,Ligue 1,Switzerland,23,9,2023-01-13,78,81,84.0,76.0,70.0,74.0,51.0,82.0,72,76,exact_name,1.0
45114,Eliot Matazo,0.6458916597493034,0.6458916597493034,1,AS Monaco,258433,E. Matazo,Eliot Matazo,"CDM, CM",Monaco,Ligue 1,Belgium,23,9,2023-01-13,73,83,73.0,58.0,70.0,75.0,67.0,75.0,74,69,exact_name,1.0
18015,Dušan Vlahović,0.6453560360605445,0.6453560360605445,2,Serbia,246430,D. Vlahović,Dušan Vlahović,ST,Juventus,Serie A,Serbia,23,9,2023-01-13,84,91,80.0,85.0,66.0,79.0,29.0,81.0,68,85,exact_name,1.0
9922,David Junior Hoilett,0.6443734267104091,0.6443734267104091,2,Canada,189462,J. Hoilett,David Junior Hoilett,"LM, RWB, LWB",Reading,Championship,Canada,23,9,2023-01-13,71,71,79.0,69.0,67.0,74.0,48.0,64.0,68,67,exact_name,1.0
31093,Mateo Retegui,0.6414971055594849,0.6414971055594849,1,Italy,241850,M. Retegui,Mateo Retegui,ST,Tigre,Liga Profesional,Argentina,23,9,2023-01-13,75,83,72.0,76.0,64.0,69.0,36.0,76.0,67,71,exact_name,1.0
50429,Hugo Ekitike,0.6412103669795509,0.6467769785025708,4,Paris Saint-Germain,257289,H. Ekitike,Hugo Ekitike,ST,Paris Saint Germain,Ligue 1,France,23,9,2023-01-13,76,85,74.0,75.0,60.0,76.0,25.0,69.0,63,76,exact_name,1.0
23452,Alex Král,0.6364796917197556,0.6364796917197556,1,Czech Republic,247028,A. Král,Alex Král,"CDM, CM",Schalke 04,Bundesliga,Czech Republic,23,9,2023-01-13,75,80,71.0,70.0,71.0,75.0,72.0,78.0,71,73,exact_name,1.0
8966,Kai Havertz,0.6345169758658449,0.6345169758658449,2,Germany,235790,K. Havertz,Kai Lukas Havertz,"CAM, CF, ST",Chelsea,Premier League,Germany,23,9,2023-01-13,84,91,81.0,79.0,79.0,84.0,45.0,68.0,82,84,token_containment,0.94
88123,Cheikh Ahmadou Bamba Mbacke Dieng,0.6264885461467993,0.6264885461467993,1,Senegal,261084,B. Dieng,Cheikh Ahmadou Bamba Mbacke Dieng,ST,Olympique Marseille,Ligue 1,Senegal,23,9,2023-01-13,74,81,82.0,75.0,60.0,71.0,33.0,62.0,64,69,exact_name,1.0
12411,Arne Maier,0.6262310473772631,0.6262310473772631,1,Augsburg,237629,A. Maier,Arne Maier,"CM, CDM",FC Augsburg,Bundesliga,Germany,23,9,2023-01-13,75,81,70.0,61.0,72.0,75.0,69.0,72.0,77,75,exact_name,1.0
5177,Aleksandr Golovin,0.626220052568597,0.642929430432052,3,AS Monaco; Russia,225663,A. Golovin,Aleksandr Golovin,"LM, RM, CAM",Monaco,Ligue 1,Russia,23,9,2023-01-13,79,80,77.0,72.0,78.0,82.0,60.0,66.0,79,77,exact_name,1.0
32030,Nedim Bajrami,0.6258996956403104,0.6258996956403104,1,Albania,237640,N. Bajrami,Nedim Bajrami,"CAM, CF",Empoli,Serie A,Albania,23,9,2023-01-13,76,83,76.0,68.0,73.0,77.0,59.0,66.0,78,70,exact_name,1.0
20750,Cody Mathès Gakpo,0.6159965754806316,0.6159965754806316,2,Netherlands,242516,C. Gakpo,Cody Mathès Gakpo,LW,Liverpool,Premier League,Netherlands,23,9,2023-01-13,83,88,85.0,82.0,77.0,84.0,42.0,73.0,79,81,exact_name,1.0
28346,Eric Junior Dina Ebimbe,0.6144141036319413,0.6144141036319413,1,Eintracht Frankfurt,248573,J. Dina Ebimbe,Eric Junior Dina Ebimbe,"RM, CM, RWB",Eintracht Frankfurt,Bundesliga,France,23,9,2023-01-13,74,79,81.0,60.0,70.0,75.0,68.0,75.0,71,74,exact_name,1.0
23874,Ali Gholizadeh,0.6143895712512544,0.6143895712512544,1,Iran,243551,A. Gholizadeh,Ali Gholizadeh,"RM, CAM, CF",Sporting Charleroi,Jupiler Pro League,Iran,23,9,2023-01-13,73,74,76.0,68.0,68.0,76.0,48.0,69.0,72,70,exact_name,1.0
22084,Bukayo Saka,0.6136834573243942,0.6136834573243942,1,England,246669,B. Saka,Bukayo Saka,"RM, RW",Arsenal,Premier League,England,23,9,2023-01-13,83,90,85.0,74.0,78.0,84.0,65.0,65.0,82,82,exact_name,1.0
24723,Edon Zhegrova,0.6131987488328171,0.6131987488328171,1,Lille,239763,E. Zhegrova,Edon Zhegrova,RM,Lille,Ligue 1,Kosovo,23,9,2023-01-13,74,81,79.0,67.0,68.0,78.0,25.0,60.0,70,70,exact_name,1.0
114833,Noah Mbamba,0.6117215016732532,0.6117215016732532,1,Bayer Leverkusen,261360,N. Mbamba,Noah Mbamba,"CB, CDM",Club Brugge,Jupiler Pro League,Belgium,23,9,2023-01-13,64,84,72.0,33.0,54.0,65.0,61.0,71.0,59,53,exact_name,1.0
6319,Luka Jović,0.611111111111111,0.611111111111111,1,Serbia,232432,L. Jović,Luka Jović,ST,Fiorentina,Serie A,Serbia,23,9,2023-01-13,79,83,74.0,78.0,68.0,78.0,29.0,73.0,70,80,exact_name,1.0
23650,Jeremy Doku,0.6075860996339808,0.5699433905637443,3,Belgium,246420,J. Doku,Jérémy Doku,"RW, RM",Rennes,Ligue 1,Belgium,23,9,2023-01-13,75,85,91.0,65.0,66.0,80.0,25.0,64.0,71,70,exact_name,1.0
39143,Matěj Jurásek,0.6075191628769516,0.6075191628769516,1,Czech Republic,271296,M. Jurásek,Matěj Jurásek,"LM, RM",Slavia Praha,Fortuna Liga,Czech Republic,23,9,2023-01-13,66,79,77.0,66.0,59.0,68.0,24.0,56.0,60,60,exact_name,1.0
4308,Houssem Aouar,0.6051751254772736,0.6051751254772736,1,Lyon,234906,H. Aouar,Houssem Aouar,"CAM, LM, CM",Olympique Lyonnais,Ligue 1,France,23,9,2023-01-13,78,83,71.0,69.0,77.0,83.0,64.0,68.0,82,76,exact_name,1.0
5630,Dries Mertens,0.5983113568838213,0.6373136701390064,5,Belgium,175943,D. Mertens,Dries Mertens,"CAM, CF",Galatasaray,Super Lig,Belgium,23,9,2023-01-13,84,84,79.0,80.0,80.0,86.0,39.0,48.0,83,80,exact_name,1.0
5660,Piotr Zieliński,0.5982153645321836,0.5982153645321836,1,Poland,210406,P. Zieliński,Piotr Sebastian Zieliński,"CAM, CM",Napoli,Serie A,Poland,23,9,2023-01-13,83,83,81.0,77.0,81.0,86.0,70.0,62.0,84,81,token_containment,0.94
5470,Ivan Rakitić,0.5961366808036778,0.5961366808036778,1,Sevilla,168651,I. Rakitić,Ivan Rakitić,CM,Sevilla,La Liga,Croatia,23,9,2023-01-13,82,82,53.0,79.0,85.0,78.0,75.0,68.0,85,80,exact_name,1.0
5732,Andreas Evald Cornelius,0.5909467968144664,0.5909467968144664,2,Denmark,201943,A. Cornelius,Andreas Evald Cornelius,ST,København,Superliga,Denmark,23,9,2023-01-13,75,75,67.0,75.0,61.0,64.0,36.0,81.0,69,75,exact_name,1.0
5632,Thorgan Hazard,0.5869321256575466,0.5869321256575466,1,Belgium,203486,T. Hazard,Thorgan Ganael Francis Hazard,"LM, CF",Borussia Dortmund,Bundesliga,Belgium,23,9,2023-01-13,78,78,68.0,74.0,78.0,83.0,53.0,64.0,77,78,token_containment,0.94
16459,Cyle Larin,0.5829364043352067,0.5829364043352067,1,Canada,226777,C. Larin,Cyle Christopher Larin,ST,Club Brugge,Jupiler Pro League,Canada,23,9,2023-01-13,72,73,72.0,71.0,64.0,67.0,27.0,77.0,67,72,token_containment,0.94
22041,Marko Livaja,0.5815786646127825,0.5815786646127825,1,Croatia,205855,M. Livaja,Marko Livaja,"CF, ST, LW",Hajduk Split,1. HNL,Croatia,23,9,2023-01-13,77,77,78.0,78.0,70.0,78.0,38.0,82.0,77,75,exact_name,1.0
24144,Ángel Montoro Sánchez,0.5785922094764789,0.5785922094764789,1,Granada,186682,Montoro,Ángel Montoro Sánchez,"CM, CDM, CAM",Real Oviedo,La Liga 2,Spain,23,9,2023-01-13,75,75,37.0,68.0,72.0,70.0,74.0,67.0,76,78,exact_name,1.0
7015,Dennis Praet,0.5778883186221949,0.5778883186221949,1,Belgium,199652,D. Praet,Dennis Praet,"CAM, CF, CM",Leicester City,Premier League,Belgium,23,9,2023-01-13,78,78,66.0,72.0,78.0,79.0,63.0,65.0,79,77,exact_name,1.0
29227,Leonidas Stergiou,0.5712775103398896,0.5712775103398896,1,Switzerland,247360,L. Stergiou,Leonidas Stergiou,CB,St. Gallen,Super League,Switzerland,23,9,2023-01-13,67,84,79.0,32.0,46.0,50.0,67.0,71.0,41,70,exact_name,1.0
6324,Leon Goretzka,0.5705032195674963,0.5705032195674963,1,Germany,209658,L. Goretzka,Leon Christoph Goretzka,"CM, CDM",FC Bayern München,Bundesliga,Germany,23,9,2023-01-13,87,88,78.0,82.0,82.0,83.0,81.0,86.0,84,87,token_containment,0.94
8546,Niclas Füllkrug,0.5696018873056282,0.5696018873056282,2,Germany,205431,N. Füllkrug,Niclas Füllkrug,ST,Werder Bremen,Bundesliga,Germany,23,9,2023-01-13,78,78,61.0,80.0,65.0,72.0,36.0,76.0,65,79,exact_name,1.0
24024,Tajon Buchanan,0.5656573883326318,0.5656573883326318,1,Canada,246800,T. Buchanan,Tajon Buchanan,"RM, LM",Club Brugge,Jupiler Pro League,Canada,23,9,2023-01-13,73,79,92.0,62.0,61.0,76.0,56.0,68.0,67,70,exact_name,1.0
17042,Andreas Skov Olsen,0.5637382011763479,0.5637382011763479,2,Denmark,240017,A. Skov Olsen,Andreas Skov Olsen,"RM, CAM, RW",Club Brugge,Jupiler Pro League,Denmark,23,9,2023-01-13,76,83,86.0,75.0,72.0,77.0,39.0,68.0,68,66,exact_name,1.0
33401,Amine Adli,0.5628329905194158,0.5166173278876033,13,Bayer Leverkusen,255223,A. Adli,Amine Adli,"ST, LM",Bayer 04 Leverkusen,Bundesliga,France,23,9,2023-01-13,74,83,86.0,72.0,67.0,80.0,40.0,54.0,68,69,exact_name,1.0
5633,Yannick Ferreira Carrasco,0.5623105471429629,0.4976328993930571,3,Belgium,208418,Y. Carrasco,Yannick Ferreira Carrasco,"LM, LWB",Atlético Madrid,La Liga,Belgium,23,9,2023-01-13,84,84,88.0,81.0,79.0,86.0,54.0,66.0,80,79,exact_name,1.0
3053,Leroy Sané,0.5618476983524218,0.5986772486772487,3,Bayern Munich; Germany,222492,L. Sané,Leroy Aziz Sané,"LM, RM, CF",FC Bayern München,Bundesliga,Germany,23,9,2023-01-13,84,84,90.0,81.0,80.0,85.0,38.0,66.0,81,82,token_containment,0.94
21209,Dominik Szoboszlai,0.5597745658668886,0.609009889699729,3,Hungary,236772,D. Szoboszlai,Dominik Szoboszlai,"CAM, LM",RB Leipzig,Bundesliga,Hungary,23,9,2023-01-13,81,87,80.0,81.0,82.0,81.0,34.0,63.0,82,76,exact_name,1.0
7843,Mason Mount,0.5570670998190111,0.5968149844520813,6,England,233064,M. Mount,Mason Mount,"CAM, RW, CM",Chelsea,Premier League,England,23,9,2023-01-13,83,86,74.0,81.0,84.0,82.0,55.0,67.0,82,85,exact_name,1.0
6987,Mauro Emanuel Icardi Rivero,0.5555555555555557,0.5555555555555557,1,Paris Saint-Germain,201399,M. Icardi,Mauro Emanuel Icardi Rivero,ST,Galatasaray,Super Lig,Argentina,23,9,2023-01-13,78,78,67.0,79.0,64.0,72.0,35.0,68.0,72,76,exact_name,1.0
92611,Ernest Muçi,0.5555555555555557,0.5555555555555557,1,Albania,261195,E. Muçi,Ernest Muçi,"ST, CAM, CF",Legia Warszawa,Ekstraklasa,Albania,23,9,2023-01-13,65,76,79.0,67.0,59.0,68.0,20.0,57.0,64,64,exact_name,1.0
4894,Zaydou Youssouf,0.5555555555555555,0.5555555555555555,1,Saint-Étienne,236830,Z. Youssouf,Zaydou Youssouf,"CM, CDM, RM",Famalicão,Liga Portugal,France,23,9,2023-01-13,72,78,64.0,58.0,70.0,76.0,64.0,73.0,71,67,exact_name,1.0
5665,Arkadiusz Milik,0.5525866074208273,0.5525866074208273,1,Poland,205175,A. Milik,Arkadiusz Krystian Milik,ST,Juventus,Serie A,Poland,23,9,2023-01-13,80,80,61.0,83.0,72.0,76.0,40.0,73.0,76,76,token_containment,0.94
30401,Ruben Vargas,0.5510927735871937,0.5612247522223365,7,Augsburg; Switzerland,238581,R. Vargas,Rubén Estephan Vargas Martínez,"LM, RM",FC Augsburg,Bundesliga,Switzerland,23,9,2023-01-13,75,81,89.0,69.0,67.0,79.0,54.0,64.0,64,72,token_containment,0.94
3436,Idrissa Gana Gueye,0.5509504707448848,0.5509504707448848,2,Senegal,193474,I. Gueye,Idrissa Gana Gueye,"CDM, CM",Everton,Premier League,Senegal,23,9,2023-01-13,82,82,67.0,66.0,71.0,78.0,83.0,76.0,70,81,exact_name,1.0
38004,Piero Martín Hincapié Reyna,0.5503041255083004,0.5503041255083004,1,Bayer Leverkusen,256197,P. Hincapié,Piero Martín Hincapié Reyna,"LB, CB",Bayer 04 Leverkusen,Bundesliga,Ecuador,23,9,2023-01-13,78,85,83.0,39.0,64.0,71.0,78.0,75.0,53,74,exact_name,1.0
7044,Patrik Schick,0.5486186273717638,0.5486186273717638,1,Bayer Leverkusen,234236,P. Schick,Patrik Schick,ST,Bayer 04 Leverkusen,Bundesliga,Czech Republic,23,9,2023-01-13,84,86,78.0,82.0,71.0,83.0,36.0,76.0,74,82,exact_name,1.0
2954,Youri Tielemans,0.5480053547523428,0.5480053547523428,1,Belgium,216393,Y. Tielemans,Youri Tielemans,"CM, CDM",Leicester City,Premier League,Belgium,23,9,2023-01-13,84,86,56.0,80.0,86.0,79.0,70.0,73.0,86,83,exact_name,1.0
23454,Petr Ševčík,0.5463336023193295,0.5463336023193295,2,Czech Republic,247030,P. Ševčík,Petr Ševčík,"CM, RM, CDM",Slavia Praha,Fortuna Liga,Czech Republic,23,9,2023-01-13,76,76,74.0,71.0,77.0,78.0,69.0,73.0,79,72,exact_name,1.0
5562,Thomas Müller,0.5452222564615689,0.5795241050427142,5,Bayern Munich; Germany,189596,T. Müller,Thomas Müller,"CAM, CF",FC Bayern München,Bundesliga,Germany,23,9,2023-01-13,86,86,67.0,83.0,83.0,80.0,55.0,70.0,86,94,exact_name,1.0
20611,Boulaye Dia,0.5438075763963475,0.5438075763963475,1,Senegal,246242,B. Dia,Boulaye Dia,"ST, RW",Salernitana,Serie A,Senegal,23,9,2023-01-13,79,82,83.0,78.0,62.0,76.0,27.0,76.0,65,76,exact_name,1.0
50436,Fabian Rieder,0.5400954909567668,0.5541562144602112,4,Switzerland,259306,F. Rieder,Fabian Rieder,"CAM, CM",Young Boys,Super League,Switzerland,23,9,2023-01-13,70,83,70.0,68.0,70.0,73.0,50.0,61.0,75,52,exact_name,1.0
34639,Vitor Machado Ferreira,0.5393186301253735,0.5393186301253735,2,Paris Saint-Germain,255253,Vitinha,Vítor Machado Ferreira,"CM, CAM",Paris Saint Germain,Ligue 1,Portugal,23,9,2023-01-13,79,89,73.0,68.0,79.0,83.0,67.0,55.0,80,74,exact_name,1.0
132418,Bradley Locko,0.5391692160997789,0.5391692160997789,1,Stade de Reims,263908,B. Locko,Bradley Locko,"LB, LWB, LM",Reims,Ligue 1,France,23,9,2023-01-13,71,80,75.0,51.0,61.0,68.0,68.0,67.0,52,65,exact_name,1.0
5226,Mehdi Taremi,0.5390857195858834,0.5390857195858834,2,Iran,241788,M. Taremi,Mehdi Taremi,"ST, CF",Porto,Liga Portugal,Iran,23,9,2023-01-13,82,82,78.0,80.0,76.0,81.0,38.0,73.0,85,84,exact_name,1.0
3091,Moussa Sissoko,0.5374855295073406,0.5374855295073406,1,France,183394,M. Sissoko,Moussa Sissoko,"CDM, CM",Nantes,Ligue 1,France,23,9,2023-01-13,76,76,68.0,61.0,71.0,72.0,73.0,84.0,64,74,exact_name,1.0
41411,Nathan Tella,0.5350945239919693,0.5350945239919693,1,Bayer Leverkusen,237328,N. Tella,Nathan Tella,"LM, ST",Burnley,Championship,England,23,9,2023-01-13,72,79,86.0,67.0,62.0,75.0,31.0,55.0,63,62,exact_name,1.0
11990,Youssouf Fofana,0.5347798492000694,0.5347798492000694,2,France,245630,Y. Fofana,Youssouf Fofana,"CDM, CM",Monaco,Ligue 1,France,23,9,2023-01-13,80,84,71.0,67.0,74.0,77.0,76.0,78.0,77,79,exact_name,1.0
22740,Kang-In Lee,0.5345581562023792,0.5345581562023792,1,South Korea,243780,Lee Kang In,이강인 Kang In Lee,"LM, ST, CAM",Mallorca,La Liga,Korea Republic,23,9,2023-01-13,76,83,75.0,72.0,77.0,79.0,30.0,58.0,78,68,exact_name,1.0
3070,Florent Mollet,0.5334086933044753,0.5334086933044753,1,Nantes,209288,F. Mollet,Florent Mollet,"RM, CAM",Schalke 04,Bundesliga,France,23,9,2023-01-13,75,75,70.0,74.0,76.0,77.0,51.0,64.0,77,74,exact_name,1.0
45190,Dan Ndoye,0.532386138236937,0.532386138236937,2,Switzerland,257980,D. Ndoye,Dan Assane Ndoye,"RM, ST",Basel,Super League,Switzerland,23,9,2023-01-13,69,80,81.0,64.0,63.0,71.0,45.0,61.0,64,64,token_containment,0.94
29786,Elbasan Rashani,0.5309561360624303,0.5309561360624303,1,Clermont Foot,198731,E. Rashani,Elbasan Rashani,"LM, LW",Clermont,Ligue 1,Kosovo,23,9,2023-01-13,71,71,81.0,65.0,62.0,71.0,39.0,66.0,67,70,exact_name,1.0
5460,Andrej Kramarić,0.5304249028858464,0.5304249028858464,2,Croatia,216354,A. Kramarić,Andrej Kramarić,"CF, CAM",TSG Hoffenheim,Bundesliga,Croatia,23,9,2023-01-13,81,81,71.0,80.0,77.0,83.0,30.0,72.0,81,84,exact_name,1.0
16532,Daniel Olmo Carvajal,0.5300605509934048,0.5858395099224619,5,RB Leipzig; Spain,244260,Dani Olmo,Daniel Olmo Carvajal,"CAM, CF",RB Leipzig,Bundesliga,Spain,23,9,2023-01-13,82,87,67.0,76.0,81.0,86.0,50.0,59.0,83,83,exact_name,1.0
29989,Yusuf Yazıcı,0.529865323687523,0.529865323687523,2,Lille; Turkey,231887,Y. Yazıcı,Yusuf Yazıcı,"CF, CAM, RW",Trabzonspor,Super Lig,Turkey,23,9,2023-01-13,76,80,67.0,77.0,77.0,79.0,48.0,70.0,77,74,exact_name,1.0
32649,Mathis Rayan Cherki,0.5295654132654766,0.5295654132654766,1,Lyon,251570,R. Cherki,Mathis Rayan Cherki,"CAM, LW, RW",Olympique Lyonnais,Ligue 1,France,23,9,2023-01-13,73,88,71.0,67.0,70.0,82.0,21.0,60.0,68,69,exact_name,1.0
3557,Naïm Sliti,0.5289979409168043,0.5289979409168043,1,Tunisia,205257,N. Sliti,Naïm Sliti,LM,Al Ittifaq,Pro League,Tunisia,23,9,2023-01-13,73,73,70.0,69.0,69.0,78.0,34.0,67.0,72,71,exact_name,1.0
3567,Georginio Wijnaldum,0.5270769099172186,0.520509699627001,4,Netherlands,181291,G. Wijnaldum,Georginio Gregion Emile Wijnaldum,"CM, CDM",Roma,Serie A,Netherlands,23,9,2023-01-13,80,80,69.0,71.0,77.0,80.0,77.0,78.0,79,78,token_containment,0.94
363583,Brajan Gruda,0.5260720029489322,0.5260720029489322,1,FSV Mainz 05,272612,B. Gruda,Brajan Gruda,"RW, ST, CAM",FSV Mainz 05,Bundesliga,Germany,23,9,2023-01-13,59,77,67.0,63.0,53.0,63.0,28.0,49.0,51,51,exact_name,1.0
5245,Achraf Hakimi Mouh,0.5251889503763196,0.5251889503763196,2,Paris Saint-Germain,235212,A. Hakimi,Achraf Hakimi Mouh,"RB, RWB",Paris Saint Germain,Ligue 1,Morocco,23,9,2023-01-13,84,87,92.0,75.0,79.0,80.0,75.0,78.0,77,81,exact_name,1.0
16016,Michel Aebischer,0.5230808729285351,0.5230808729285351,1,Switzerland,236898,M. Aebischer,Michel Aebischer,CM,Bologna,Serie A,Switzerland,23,9,2023-01-13,75,78,71.0,65.0,75.0,75.0,65.0,74.0,74,71,exact_name,1.0
11383,László Bénes,0.5221402421185922,0.5221402421185922,2,Slovakia,234728,L. Bénes,László Bénes,"CM, CAM",Hamburger SV,2. Bundesliga,Slovakia,23,9,2023-01-13,73,77,60.0,70.0,78.0,74.0,47.0,61.0,76,72,exact_name,1.0
22212,Orkun Kökçü,0.5213067395311943,0.5715516832316492,3,Turkey,243245,O. Kökçü,Orkun Kökçü,"CM, CAM",Feyenoord,Eredivisie,Turkey,23,9,2023-01-13,80,86,72.0,75.0,82.0,79.0,67.0,76.0,84,73,exact_name,1.0
23658,Aurélio Gabriel Ulineia Buta,0.521028057168024,0.521028057168024,1,Eintracht Frankfurt,234573,Aurélio Buta,Aurélio Gabriel Ulineia Buta,"RM, RB, RWB",Eintracht Frankfurt,Bundesliga,Portugal,23,9,2023-01-13,72,75,93.0,59.0,66.0,74.0,64.0,68.0,67,67,exact_name,1.0
24443,Mikkel Damsgaard,0.5208400808554159,0.5180661019883627,4,Denmark,241508,M. Damsgaard,Mikkel Krogh Damsgaard,"LW, LM, CAM",Brentford,Premier League,Denmark,23,9,2023-01-13,76,84,83.0,68.0,71.0,81.0,48.0,61.0,76,68,token_containment,0.94
28239,Adam Hložek,0.519890303146349,0.5192969995923632,12,Bayer Leverkusen; Czech Republic,246618,A. Hložek,Adam Hložek,"CAM, LM, ST",Bayer 04 Leverkusen,Bundesliga,Czech Republic,23,9,2023-01-13,76,86,78.0,75.0,72.0,77.0,31.0,78.0,78,76,exact_name,1.0
8623,Dejan Ljubicic,0.5197970243915209,0.5197970243915209,1,FC Köln,240916,D. Ljubičić,Dejan Ljubičić,"RM, CDM, CM",FC Köln,Bundesliga,Austria,23,9,2023-01-13,76,79,78.0,70.0,71.0,75.0,72.0,78.0,74,76,exact_name,1.0
3533,Xherdan Shaqiri,0.5197486678416938,0.5385173753820308,6,Switzerland,193348,X. Shaqiri,Xherdan Shaqiri,"CAM, RM",Chicago Fire,Major League Soccer,Switzerland,23,9,2023-01-13,76,76,69.0,75.0,79.0,79.0,45.0,62.0,80,75,exact_name,1.0
6299,Aleksey Miranchuk,0.5192003685290897,0.5192003685290897,1,Russia,214092,A. Miranchuk,Aleksey Miranchuk,"CF, CAM",Torino,Serie A,Russia,23,9,2023-01-13,77,78,76.0,72.0,76.0,80.0,31.0,61.0,79,78,exact_name,1.0
8518,Marcel Sabitzer,0.5180185115579007,0.5275334847172792,3,Austria,204923,M. Sabitzer,Marcel Sabitzer,"CM, CDM, CAM",FC Bayern München,Bundesliga,Austria,23,9,2023-01-13,81,81,69.0,80.0,80.0,79.0,69.0,76.0,80,80,exact_name,1.0
25363,Antony Matheus dos Santos,0.5177749024848043,0.5177749024848043,1,Brazil,255475,Antony,Antony Matheus dos Santos,"RW, RM",Manchester United,Premier League,Brazil,23,9,2023-01-13,82,88,90.0,75.0,75.0,86.0,46.0,70.0,79,77,exact_name,1.0
51632,Sami Khalil Al Naji,0.5152446379407313,0.5152446379407313,1,Saudi Arabia,233961,S. Al Najai,Sami Khalil Al-Najei,"CAM, RM, LM",Al Nassr,Pro League,Saudi Arabia,23,9,2023-01-13,70,73,71.0,66.0,65.0,72.0,57.0,65.0,65,66,fuzzy_name,0.9743589743589743
39490,Luka Sučić,0.5136404875099584,0.5136404875099584,1,Croatia,258775,L. Sučić,Luka Sučić,"CAM, CM",Salzburg,Bundesliga,Croatia,23,9,2023-01-13,74,85,75.0,70.0,74.0,75.0,49.0,64.0,75,69,exact_name,1.0
19316,Roland Sallai,0.5122041964767634,0.5865138771349256,3,Hungary,234171,R. Sallai,Roland Sallai,"RM, CF",SC Freiburg,Bundesliga,Hungary,23,9,2023-01-13,76,77,75.0,70.0,71.0,78.0,37.0,65.0,74,74,exact_name,1.0
3621,Eden Hazard,0.512132953426403,0.47421311414254397,6,Belgium,183277,E. Hazard,Eden Michael Hazard,LW,Real Madrid,La Liga,Belgium,23,9,2023-01-13,84,84,83.0,79.0,82.0,87.0,35.0,63.0,84,77,token_containment,0.94
39167,Xavi Simons,0.5117922564173816,0.5056490261708115,5,Netherlands; RB Leipzig,245367,X. Simons,Xavi Quentin Shay Simons,"CAM, ST, RW",PSV,Eredivisie,Netherlands,23,9,2023-01-13,75,87,85.0,65.0,72.0,79.0,55.0,64.0,76,72,token_containment,0.94
3664,Trent Alexander-Arnold,0.511735970504942,0.511735970504942,1,England,231281,T. Alexander-Arnold,Trent Alexander-Arnold,RB,Liverpool,Premier League,England,23,9,2023-01-13,86,89,76.0,69.0,89.0,80.0,79.0,72.0,90,83,exact_name,1.0
7097,Christian Nørgaard,0.5077437059734599,0.5077437059734599,2,Denmark,210697,C. Nørgaard,Christian Thers Nørgaard,"CDM, CM",Brentford,Premier League,Denmark,23,9,2023-01-13,76,76,60.0,60.0,69.0,69.0,76.0,78.0,65,73,token_containment,0.94
22390,Francisco António Machado Mota de Castro Trincão,0.5036854931316644,0.5036854931316644,1,Barcelona,244778,Trincão,Francisco António Machado Mota Castro Trincão,"RW, RM",Sporting CP,Liga Portugal,Portugal,23,9,2023-01-13,76,83,78.0,72.0,70.0,81.0,39.0,59.0,74,78,fuzzy_name,0.967741935483871
40724,Florian Wirtz,0.5031176011254875,0.5268292590706738,22,Bayer Leverkusen,256630,F. Wirtz,Florian Richard Wirtz,"CAM, CM",Bayer 04 Leverkusen,Bundesliga,Germany,23,9,2023-01-13,82,91,78.0,73.0,80.0,86.0,51.0,60.0,85,80,token_containment,0.94
5503,Lionel Andrés Messi Cuccittini,0.5028115152318934,0.49937604291808385,21,Barcelona; Paris Saint-Germain,158023,L. Messi,Lionel Andrés Messi Cuccittini,RW,Paris Saint Germain,Ligue 1,Argentina,23,9,2023-01-13,91,91,81.0,89.0,90.0,94.0,34.0,64.0,94,92,exact_name,1.0
9638,Jack Grealish,0.5024059441400177,0.5024059441400177,1,England,206517,J. Grealish,Jack Grealish,"LW, LM",Manchester City,Premier League,England,23,9,2023-01-13,84,84,76.0,76.0,83.0,87.0,46.0,69.0,86,81,exact_name,1.0
10463,Sofiane Diop,0.5018791821310294,0.5018791821310294,1,AS Monaco,244892,S. Diop,Sofiane Diop,"LM, RM, CF",Nice,Ligue 1,France,23,9,2023-01-13,78,84,71.0,72.0,75.0,83.0,54.0,54.0,78,76,exact_name,1.0
3009,Kylian Mbappé Lottin,0.5006891687506372,0.5006891687506372,1,Paris Saint-Germain,231747,K. Mbappé,Kylian Mbappé Lottin,"ST, LW",Paris Saint Germain,Ligue 1,France,23,9,2023-01-13,91,95,97.0,89.0,80.0,92.0,36.0,76.0,83,93,exact_name,1.0
39624,Francisco Fernandes Conceição,0.5002848688935243,0.524959568137518,3,Portugal,261050,Francisco Conceição,Francisco Fernandes Conceição,RW,Ajax,Eredivisie,Portugal,23,9,2023-01-13,73,86,81.0,61.0,66.0,80.0,32.0,42.0,69,67,exact_name,1.0
24977,Christoph Baumgartner,0.49974891357268625,0.5284703085524278,3,Austria; RB Leipzig,242187,C. Baumgartner,Christoph Baumgartner,"CAM, CM, ST",TSG Hoffenheim,Bundesliga,Austria,23,9,2023-01-13,78,84,75.0,72.0,73.0,80.0,44.0,57.0,78,77,exact_name,1.0
3089,Kevin De Bruyne,0.4995029466897191,0.5225219347382634,7,Belgium,192985,K. De Bruyne,Kevin De Bruyne,"CM, CAM",Manchester City,Premier League,Belgium,23,9,2023-01-13,91,91,74.0,88.0,93.0,87.0,63.0,77.0,94,91,exact_name,1.0
40707,Jessic Ngankam,0.49405684527665267,0.49405684527665267,1,FSV Mainz 05,256658,J. Ngankam,Jessic Gaïtan Ngankam,"ST, RM",Hertha BSC,Bundesliga,Germany,23,9,2023-01-13,69,79,74.0,68.0,59.0,70.0,26.0,70.0,53,67,token_containment,0.94
4318,Davy Klaassen,0.4923057891763756,0.5459782804977467,3,Netherlands,203483,D. Klaassen,Davy Klaassen,"CAM, CM",Ajax,Eredivisie,Netherlands,23,9,2023-01-13,78,78,55.0,80.0,74.0,76.0,73.0,77.0,78,80,exact_name,1.0
7829,Wout Weghorst,0.4912006624704264,0.4912006624704264,2,Netherlands,223689,W. Weghorst,Wout Weghorst,ST,Beşiktaş,Super Lig,Netherlands,23,9,2023-01-13,79,79,59.0,77.0,60.0,69.0,52.0,87.0,67,81,exact_name,1.0
8403,Nadiem Amiri,0.49099129368420064,0.5535157809803657,6,Bayer Leverkusen,225309,N. Amiri,Nadiem Amiri,"CAM, CM",Bayer 04 Leverkusen,Bundesliga,Germany,23,9,2023-01-13,77,79,67.0,72.0,77.0,81.0,55.0,68.0,76,75,exact_name,1.0
3831,Dušan Tadić,0.4882475128211906,0.49311662165904546,4,Serbia,199434,D. Tadić,Dušan Tadić,"LW, CF, CAM",Ajax,Eredivisie,Serbia,23,9,2023-01-13,83,83,67.0,81.0,86.0,83.0,43.0,76.0,88,83,exact_name,1.0
3186,Julian Draxler,0.48737848740166306,0.48737848740166306,1,Paris Saint-Germain,202166,J. Draxler,Julian Draxler,"LW, CAM",Benfica,Liga Portugal,Germany,23,9,2023-01-13,79,79,72.0,76.0,80.0,82.0,58.0,65.0,81,78,exact_name,1.0
8217,Kingsley Coman,0.48311665610987103,0.48311665610987103,1,France,213345,K. Coman,Kingsley Junior Coman,"RM, LM",FC Bayern München,Bundesliga,France,23,9,2023-01-13,86,87,92.0,77.0,79.0,87.0,30.0,61.0,81,86,exact_name,1.0
5548,Steven Zuber,0.48271788059713094,0.48271788059713094,1,Switzerland,190059,S. Zuber,Steven Zuber,LM,AEK Athens,Super League,Switzerland,23,9,2023-01-13,74,74,77.0,70.0,73.0,71.0,67.0,73.0,70,74,exact_name,1.0
6720,Pablo Sarabia García,0.48079382454100017,0.4444444444444445,3,Paris Saint-Germain,198950,Pablo Sarabia,Pablo Sarabia García,"RW, CAM, LW",Paris Saint Germain,Ligue 1,Spain,23,9,2023-01-13,81,81,73.0,76.0,82.0,82.0,57.0,59.0,83,79,exact_name,1.0
5623,Jae-Sung Lee,0.48077241143972327,0.48077241143972327,2,FSV Mainz 05; South Korea,221671,Lee Jae Sung,이재성 李在成,"CM, CAM, CF",FSV Mainz 05,Bundesliga,Korea Republic,23,9,2023-01-13,76,76,68.0,64.0,75.0,81.0,57.0,61.0,80,76,exact_name,1.0
5487,Antoine Griezmann,0.48045192072832976,0.4854210800572418,15,Barcelona; France,194765,A. Griezmann,Antoine Griezmann,"ST, CF",Atlético Madrid,La Liga,France,23,9,2023-01-13,84,84,78.0,83.0,83.0,85.0,57.0,73.0,85,85,exact_name,1.0
39565,Jamal Musiala,0.4795735353717245,0.4742405982608414,3,Bayern Munich; Germany,256790,J. Musiala,Jamal Musiala,"CAM, LM, CM",FC Bayern München,Bundesliga,Germany,23,9,2023-01-13,83,92,80.0,72.0,74.0,89.0,63.0,60.0,79,84,exact_name,1.0
3042,Mikel Merino Zazón,0.47945688812376663,0.47945688812376663,1,Spain,225193,Merino,Mikel Merino Zazón,"CM, LM, RM",Real Sociedad,La Liga,Spain,23,9,2023-01-13,83,86,73.0,78.0,81.0,82.0,82.0,81.0,81,84,exact_name,1.0
22137,Yohann Magnin,0.4791823709669,0.4791823709669,1,Clermont Foot,244970,Y. Magnin,Yohann Magnin,"CM, CDM, RWB",Clermont,Ligue 1,France,23,9,2023-01-13,70,73,68.0,55.0,62.0,70.0,69.0,61.0,67,70,exact_name,1.0
4447,Martin Braithwaite Christensen,0.4774420658624158,0.4813401342578745,4,Denmark,193290,M. Braithwaite,Martin Braithwaite Christensen,"LW, LM, ST",Espanyol,La Liga,Denmark,23,9,2023-01-13,77,77,82.0,75.0,72.0,80.0,34.0,75.0,74,76,exact_name,1.0
3620,Scott McTominay,0.47706324384731646,0.47706324384731646,2,Scotland,237238,S. McTominay,Scott McTominay,"CDM, CM",Manchester United,Premier League,Scotland,23,9,2023-01-13,80,83,63.0,74.0,74.0,75.0,78.0,86.0,74,77,exact_name,1.0
3375,Adrien Thomasson,0.47620480307429985,0.47620480307429985,1,Lens,208787,A. Thomasson,Adrien Thomasson,"CM, CAM",Strasbourg,Ligue 1,France,23,9,2023-01-13,76,76,69.0,72.0,77.0,77.0,65.0,70.0,78,77,exact_name,1.0
31031,Adil Aouchiche,0.47542404888381734,0.47542404888381734,1,Saint-Étienne,253102,A. Aouchiche,Adil Aouchiche,"LM, CAM, CM",Lorient,Ligue 1,France,23,9,2023-01-13,71,78,68.0,63.0,71.0,73.0,56.0,60.0,73,69,exact_name,1.0
3235,Ludovic Blas,0.47455665334884406,0.47455665334884406,1,Nantes,231102,L. Blas,Ludovic Blas,"CAM, RM, ST",Nantes,Ligue 1,France,23,9,2023-01-13,79,83,73.0,77.0,77.0,82.0,58.0,64.0,78,73,exact_name,1.0
6971,Cengiz Ünder,0.47062259505169934,0.47062259505169934,2,Marseille; Olympique de Marseille,235889,C. Ünder,Cengiz Ünder,"RW, RM",Olympique Marseille,Ligue 1,Turkey,23,9,2023-01-13,78,81,79.0,75.0,77.0,78.0,38.0,51.0,79,76,exact_name,1.0
80484,Iliman Ndiaye,0.468240722560377,0.468240722560377,1,Senegal,261188,I. Ndiaye,Iliman Ndiaye,"CAM, ST",Sheffield United,Championship,Senegal,23,9,2023-01-13,71,81,81.0,68.0,62.0,76.0,33.0,57.0,66,67,exact_name,1.0
3501,Philippe Coutinho Correia,0.46784844017734756,0.4393785426419601,6,Barcelona,189242,Coutinho,Philippe Coutinho Correia,"CAM, LW, CM",Aston Villa,Premier League,Brazil,23,9,2023-01-13,81,81,62.0,77.0,81.0,86.0,52.0,57.0,83,80,exact_name,1.0
8804,Jonas Hofmann,0.46755012647964383,0.45219788666598043,23,Bayer Leverkusen; Germany,210324,J. Hofmann,Jonas Hofmann,"CAM, RM, LM",Borussia Mönchengladbach,Bundesliga,Germany,23,9,2023-01-13,81,81,73.0,76.0,80.0,80.0,64.0,72.0,81,83,exact_name,1.0
30486,Pedro González López,0.4671213433148988,0.4861440198427809,8,Barcelona; Spain,251854,Pedri,Pedro González López,CM,FC Barcelona,La Liga,Spain,23,9,2023-01-13,85,92,79.0,67.0,81.0,87.0,68.0,74.0,88,85,exact_name,1.0
25104,Rodrygo Silva de Goes,0.46620470990826335,0.4648505166367263,3,Brazil,243812,Rodrygo,Rodrygo Silva de Goes,"RW, LW, ST",Real Madrid,La Liga,Brazil,23,9,2023-01-13,81,88,88.0,77.0,74.0,84.0,32.0,61.0,73,78,exact_name,1.0
7891,Teun Koopmeiners,0.464554163938385,0.464554163938385,1,Netherlands,240679,T. Koopmeiners,Teun Koopmeiners,"CM, CDM",Atalanta,Serie A,Netherlands,23,9,2023-01-13,80,84,70.0,72.0,80.0,76.0,76.0,77.0,76,83,exact_name,1.0
8116,Václav Černý,0.46399627859424597,0.46399627859424597,1,Czech Republic,216860,V. Černý,Václav Černý,RW,FC Twente,Eredivisie,Czech Republic,23,9,2023-01-13,72,75,91.0,66.0,63.0,74.0,33.0,54.0,67,66,exact_name,1.0
21261,Jonas Older Wind,0.46140921539847063,0.46140921539847063,1,Denmark,241522,J. Wind,Jonas Older Wind,"ST, CF",VfL Wolfsburg,Bundesliga,Denmark,23,9,2023-01-13,76,81,66.0,74.0,70.0,74.0,36.0,80.0,76,73,exact_name,1.0
131243,Deniz Undav,0.4586180343390909,0.4586180343390909,2,Germany; VfB Stuttgart,244176,D. Undav,Deniz Undav,ST,Brighton & Hove Albion,Premier League,Germany,23,9,2023-01-13,76,79,68.0,80.0,71.0,75.0,32.0,73.0,78,74,exact_name,1.0
6583,Carlos Soler Barragán,0.4576178760749045,0.4888661032769165,4,Paris Saint-Germain,234153,Carlos Soler,Carlos Soler Barragán,"CM, RM, CDM",Paris Saint Germain,Ligue 1,Spain,23,9,2023-01-13,83,86,80.0,77.0,83.0,80.0,71.0,72.0,85,83,exact_name,1.0
7410,Jason Berthomier,0.45735693203209443,0.45735693203209443,1,Clermont Foot,228908,J. Berthomier,Jason Berthomier,CAM,Valenciennes,Ligue 2,France,23,9,2023-01-13,74,74,65.0,70.0,76.0,75.0,51.0,59.0,75,75,exact_name,1.0
54144,Nawaf Shaker Al Abid,0.4564638437357746,0.4564638437357746,1,Saudi Arabia,208949,N. Al Abed,Nawaf Shaker Al Abid,"CAM, LW, RW",Al Shabab,Pro League,Saudi Arabia,23,9,2023-01-13,70,70,53.0,70.0,71.0,72.0,45.0,54.0,75,63,exact_name,1.0
6673,Sergio Canales Madrazo,0.45499559752159957,0.45499559752159957,2,Real Betis,190286,Canales,Sergio Canales Madrazo,"RM, CAM, LM",Real Betis,La Liga,Spain,23,9,2023-01-13,84,84,83.0,79.0,85.0,83.0,68.0,72.0,90,84,exact_name,1.0
136306,Abdul Fatawu Issahaku,0.448798660742554,0.448798660742554,1,Ghana,267680,A. Fatawu Issahaku,Abdul Fatawu Issahaku,"CAM, RW",Sporting CP,Liga Portugal,Ghana,23,9,2023-01-13,67,86,82.0,68.0,63.0,73.0,35.0,53.0,57,65,exact_name,1.0
3043,Christian Dannemann Eriksen,0.44855754109965157,0.45749834386722676,3,Denmark,190460,C. Eriksen,Christian Dannemann Eriksen,"CM, CDM",Manchester United,Premier League,Denmark,23,9,2023-01-13,83,83,61.0,78.0,88.0,81.0,53.0,56.0,87,81,exact_name,1.0
30681,Ali Abdi,0.4444444444444443,0.4444444444444443,1,Tunisia,252711,A. Abdi,Ali Abdi,LWB,Caen,Ligue 2,Tunisia,23,9,2023-01-13,70,70,84.0,60.0,65.0,69.0,61.0,73.0,64,70,exact_name,1.0
5589,Sergej Milinković-Savić,0.4427199621124684,0.4346958418152491,3,Serbia,223848,S. Milinković-Savić,Sergej Milinković-Savić,CM,Lazio,Serie A,Serbia,23,9,2023-01-13,86,87,68.0,80.0,82.0,82.0,79.0,86.0,83,84,exact_name,1.0
4354,Phil Foden,0.4419784368329997,0.40272169279754144,4,England,237692,P. Foden,Philip Foden,"LW, CF, CAM",Manchester City,Premier League,England,23,9,2023-01-13,85,92,82.0,78.0,83.0,88.0,57.0,60.0,85,83,fuzzy_name,0.9090909090909091
12041,João Félix Sequeira,0.441738515712335,0.441738515712335,1,Portugal,242444,João Félix,João Félix Sequeira,"CF, ST",Chelsea,Premier League,Portugal,23,9,2023-01-13,83,89,82.0,80.0,80.0,87.0,40.0,67.0,85,81,exact_name,1.0
31744,Adrian Beck,0.4416724179085292,0.4416724179085292,1,FC Heidenheim,253133,A. Beck,Adrian Beck,CM,Heidenheim,2. Bundesliga,Germany,23,9,2023-01-13,67,71,64.0,63.0,67.0,63.0,62.0,67.0,68,66,exact_name,1.0
3548,Angelo Fulgini,0.4399564636105477,0.4399564636105477,1,Lens,226789,A. Fulgini,Angelo Fulgini,"CM, CAM, CF",FSV Mainz 05,Bundesliga,France,23,9,2023-01-13,76,79,73.0,70.0,75.0,78.0,69.0,73.0,78,75,exact_name,1.0
7745,Steven Berghuis,0.43910309945566145,0.44264646928648627,3,Netherlands,200260,S. Berghuis,Steven Berghuis,"CAM, RW, CM",Ajax,Eredivisie,Netherlands,23,9,2023-01-13,82,82,78.0,82.0,83.0,82.0,40.0,68.0,83,80,exact_name,1.0
22343,Angel Gomes,0.4385064476956925,0.4385064476956925,1,Lille,240507,A. Gomes,Adilson Angel Abreu de Almeida Gomes,"CM, CF, CDM",Lille,Ligue 1,England,23,9,2023-01-13,74,82,77.0,70.0,73.0,78.0,68.0,60.0,74,73,token_containment,0.94
21582,Tijjani Reijnders,0.4376508493764648,0.4376508493764648,1,Netherlands,240638,T. Reijnders,Tijjani Reijnders,CM,AZ,Eredivisie,Netherlands,23,9,2023-01-13,74,79,79.0,70.0,74.0,76.0,66.0,70.0,76,74,exact_name,1.0
40558,Jun-Ho Son,0.4368942436412317,0.4368942436412317,1,South Korea,221875,Son Jun Ho,손준호 孙准浩,"CDM, CM",Shandong Luneng,Super League,Korea Republic,23,9,2023-01-13,73,73,70.0,62.0,69.0,70.0,67.0,76.0,72,67,exact_name,1.0
41115,Alejandro Baena Rodríguez,0.43494775561669685,0.43494775561669685,1,Spain,257279,Álex Baena,Alejandro Baena Rodríguez,"RM, ST, CM",Villarreal,La Liga,Spain,23,9,2023-01-13,75,82,76.0,74.0,73.0,74.0,59.0,62.0,75,71,exact_name,1.0
5243,Amine Harit,0.4343354485962863,0.4343354485962863,1,Marseille,232097,A. Harit,Amine Harit,"LM, CAM",Olympique Marseille,Ligue 1,Morocco,23,9,2023-01-13,77,80,82.0,62.0,73.0,81.0,40.0,49.0,77,74,exact_name,1.0
24243,Brenden Aaronson,0.4342495885449671,0.4342495885449671,1,Union Berlin,247361,B. Aaronson,Brenden Russell Aaronson,"CAM, RM, CM",Leeds United,Premier League,United States,23,9,2023-01-13,75,83,81.0,66.0,70.0,79.0,54.0,63.0,76,71,token_containment,0.94
19718,Jean-Ricner Bellegarde,0.43034404357717565,0.43034404357717565,1,Strasbourg,235456,J. Bellegarde,Jean-Ricner Bellegarde,"CM, CDM",Strasbourg,Ligue 1,France,23,9,2023-01-13,75,80,78.0,62.0,72.0,76.0,70.0,71.0,74,75,exact_name,1.0
4320,Neymar da Silva Santos Junior,0.430203678896859,0.4416216260879102,14,Brazil; Paris Saint-Germain,190871,Neymar Jr,Neymar da Silva Santos Júnior,LW,Paris Saint Germain,Ligue 1,Brazil,23,9,2023-01-13,89,89,87.0,83.0,85.0,93.0,37.0,61.0,90,88,exact_name,1.0
5204,Bruno Miguel Borges Fernandes,0.4295109814116918,0.38584842671849695,5,Portugal,212198,Bruno Fernandes,Bruno Miguel Borges Fernandes,"CAM, CM",Manchester United,Premier League,Portugal,23,9,2023-01-13,86,86,72.0,86.0,87.0,81.0,68.0,76.0,90,91,exact_name,1.0
3517,Aaron Ramsey,0.42836178037199324,0.42836178037199324,2,Wales,186561,A. Ramsey,Aaron James Ramsey,"CM, CAM",Nice,Ligue 1,Wales,23,9,2023-01-13,76,76,51.0,71.0,78.0,79.0,65.0,62.0,79,73,token_containment,0.94
23614,Chris Führich,0.424885303775299,0.424885303775299,1,VfB Stuttgart,241925,C. Führich,Chris Führich,"CAM, RM, ST",VfB Stuttgart,Bundesliga,Germany,23,9,2023-01-13,74,78,83.0,67.0,70.0,77.0,54.0,59.0,72,68,exact_name,1.0
30714,Jude Bellingham,0.42459711157533786,0.4040518705814854,7,England,252371,J. Bellingham,Jude Victor William Bellingham,CM,Borussia Dortmund,Bundesliga,England,23,9,2023-01-13,85,91,72.0,75.0,79.0,84.0,78.0,80.0,84,85,token_containment,0.94
9195,Robert Andrich,0.4239117383417382,0.4239117383417382,2,Bayer Leverkusen,212242,R. Andrich,Robert Andrich,"CDM, CM",Bayer 04 Leverkusen,Bundesliga,Germany,23,9,2023-01-13,81,82,63.0,77.0,76.0,73.0,79.0,85.0,73,79,exact_name,1.0
39461,Cole Palmer,0.42289156217467505,0.42289156217467505,2,England,257534,C. Palmer,Cole Palmer,"CAM, RW, CF",Manchester City,Premier League,England,23,9,2023-01-13,66,83,76.0,66.0,62.0,70.0,46.0,57.0,63,58,exact_name,1.0
31152,Gonzalo Jordy Plata Jiménez,0.42013150198187443,0.42013150198187443,1,Ecuador,247181,G. Plata,Gonzalo Jordy Plata Jiménez,"RM, RW",Real Valladolid,La Liga,Ecuador,23,9,2023-01-13,77,86,88.0,69.0,69.0,82.0,43.0,65.0,73,75,exact_name,1.0
32712,Jeremie Frimpong,0.4197950151808362,0.4197950151808362,2,Bayer Leverkusen; Netherlands,253149,J. Frimpong,Jeremie Agyekum Frimpong,"RB, RWB, RM",Bayer 04 Leverkusen,Bundesliga,Netherlands,23,9,2023-01-13,81,87,94.0,56.0,74.0,84.0,74.0,70.0,78,76,token_containment,0.94
2974,Saîf-Eddine Khaoui,0.41801331515515716,0.41801331515515716,1,Clermont Foot,220029,S. Khaoui,Saîf-Eddine Khaoui,"CAM, RM, CM",Clermont,Ligue 1,Tunisia,23,9,2023-01-13,70,71,61.0,68.0,71.0,72.0,46.0,59.0,69,67,exact_name,1.0
5625,Emil Peter Forsberg,0.41676278354479057,0.41676278354479057,1,RB Leipzig,208448,E. Forsberg,Emil Peter Forsberg,"CAM, CF",RB Leipzig,Bundesliga,Sweden,23,9,2023-01-13,80,80,68.0,73.0,82.0,82.0,35.0,62.0,83,83,exact_name,1.0
106391,Habib Keita,0.41676278354479057,0.41676278354479057,1,Lyon,262137,H. Keïta,Habib Ali Keita,"CM, CDM",Kortrijk,Jupiler Pro League,Mali,23,9,2023-01-13,68,79,70.0,57.0,64.0,71.0,62.0,66.0,66,64,token_containment,0.94
2948,Nabil Fekir,0.41592910116097515,0.41592910116097515,1,Real Betis,216594,N. Fekir,Nabil Fekir,CAM,Real Betis,La Liga,France,23,9,2023-01-13,85,85,83.0,82.0,82.0,87.0,38.0,80.0,87,81,exact_name,1.0
28805,Jamie Leweling,0.41545165016666785,0.41545165016666785,1,VfB Stuttgart,252448,J. Leweling,Jamie Leweling,"ST, RW",FC Union Berlin,Bundesliga,Germany,23,9,2023-01-13,72,81,82.0,71.0,61.0,77.0,33.0,69.0,59,71,exact_name,1.0
217047,Fares Chaïbi,0.4154131968736257,0.4154131968736257,1,Eintracht Frankfurt,270670,F. Chaïbi,Farès Chaïbi,"LW, RW, ST",Toulouse,Ligue 1,France,23,9,2023-01-13,70,83,73.0,64.0,69.0,71.0,67.0,71.0,73,69,exact_name,1.0
35592,Anis Ben Slimane,0.4138004372468334,0.4138004372468334,1,Tunisia,255210,A. Slimane,Anis Ben Slimane,"CAM, CM",Brøndby,Superliga,Tunisia,23,9,2023-01-13,67,74,66.0,59.0,62.0,69.0,58.0,75.0,67,68,exact_name,1.0
142800,Medon Berisha,0.41152609369965376,0.41152609369965376,1,Albania,271198,M. Berisha,Medon Berisha,CM,Lecce,Serie A,Kosovo,23,9,2023-01-13,59,78,62.0,47.0,58.0,58.0,53.0,65.0,54,64,exact_name,1.0
10287,İlkay Gündoğan,0.4054508228036781,0.40264636011066335,6,Germany,186942,İ. Gündoğan,İlkay Gündoğan,"CM, CDM",Manchester City,Premier League,Germany,23,9,2023-01-13,85,85,64.0,80.0,85.0,85.0,72.0,72.0,86,86,exact_name,1.0
7367,Grejohn Kyei,0.40498013578219694,0.40498013578219694,1,Clermont Foot,222636,G. Kyei,Grejohn Kyei,ST,Clermont,Ligue 1,France,23,9,2023-01-13,69,70,64.0,65.0,51.0,66.0,26.0,80.0,49,69,exact_name,1.0
27569,Jesper Lindstrøm,0.40107101342119356,0.40107101342119356,1,Denmark,245741,J. Lindstrøm,Jesper Grænge Lindstrøm,"CAM, CF, RM",Eintracht Frankfurt,Bundesliga,Denmark,23,9,2023-01-13,77,84,87.0,73.0,70.0,81.0,48.0,63.0,78,70,token_containment,0.94
16559,Leandro Trossard,0.39868437912140725,0.39868437912140725,1,Belgium,207421,L. Trossard,Leandro Trossard,"LM, ST",Brighton & Hove Albion,Premier League,Belgium,23,9,2023-01-13,80,80,82.0,79.0,76.0,83.0,30.0,62.0,77,76,exact_name,1.0
32481,Muhammed Cham Saracevic,0.3960340231833903,0.3960340231833903,2,Clermont Foot,253108,M. Cham,Muhammed-Cham Saračević,CAM,Clermont,Ligue 1,Austria,23,9,2023-01-13,63,74,78.0,60.0,57.0,68.0,25.0,40.0,57,45,exact_name,1.0
8506,Konrad Laimer,0.3958184188595951,0.3958184188595951,1,Austria,225375,K. Laimer,Konrad Laimer,"CDM, CM",RB Leipzig,Bundesliga,Austria,23,9,2023-01-13,83,84,80.0,68.0,78.0,79.0,81.0,78.0,78,80,exact_name,1.0
47619,Anthony Rouault,0.3946364270554323,0.3946364270554323,1,VfB Stuttgart,252512,A. Rouault,Anthony Rouault,CB,Toulouse,Ligue 1,France,23,9,2023-01-13,73,84,60.0,30.0,60.0,56.0,73.0,73.0,48,73,exact_name,1.0
3168,João Filipe Iria Santos Moutinho,0.3945575589204823,0.3945575589204823,1,Portugal,162347,João Moutinho,João Filipe Iria Santos Moutinho,CM,Wolverhampton Wanderers,Premier League,Portugal,23,9,2023-01-13,79,79,43.0,69.0,81.0,78.0,68.0,64.0,81,71,exact_name,1.0
9201,Nikola Dovedan,0.38875667659226204,0.38875667659226204,1,FC Heidenheim,235419,N. Dovedan,Nikola Dovedan,"CF, CAM, RM",Austria Wien,Bundesliga,Austria,23,9,2023-01-13,69,69,80.0,66.0,61.0,74.0,34.0,59.0,56,67,exact_name,1.0
7025,Marek Hamšík,0.3857245784394454,0.40919984221892725,3,Slovakia,171877,M. Hamšík,Marek Hamšík,"CM, CDM",Trabzonspor,Super Lig,Slovakia,23,9,2023-01-13,79,79,64.0,77.0,82.0,80.0,71.0,70.0,83,76,exact_name,1.0
22067,Woo-Yeong Jeong,0.38406261897231986,0.38406261897231986,1,South Korea,239138,Jeong Woo Yeong,정우영 Woo Yeong Jeong,"CAM, CF",SC Freiburg,Bundesliga,Korea Republic,23,9,2023-01-13,72,77,80.0,63.0,66.0,77.0,36.0,63.0,70,69,exact_name,1.0
24272,Luis Milla Manzanares,0.3835002975893438,0.3835002975893438,1,Granada,242201,Luis Milla,Luis Milla Manzanares,"CM, CDM",Getafe,La Liga,Spain,23,9,2023-01-13,79,79,70.0,72.0,77.0,75.0,75.0,74.0,78,79,exact_name,1.0
26297,Carlos Alberto Rodríguez Gómez,0.3812680902333897,0.3812680902333897,1,Mexico,235389,C. Rodríguez,Carlos Alberto Rodríguez Gómez,"CAM, CM",,,Mexico,23,9,2023-01-13,76,79,77.0,67.0,73.0,78.0,66.0,67.0,76,73,exact_name,1.0
16026,Djibril Sow,0.3779823573626456,0.3678700093281403,4,Switzerland,229752,D. Sow,Mohameth Djibril Ibrahima Sow,"CM, CDM",Eintracht Frankfurt,Bundesliga,Switzerland,23,9,2023-01-13,80,82,77.0,69.0,77.0,78.0,77.0,80.0,78,78,token_containment,0.94
16535,Eljif Elmas,0.3761883704950905,0.3761883704950905,2,North Macedonia; RB Leipzig,241390,E. Elmas,Eljif Elmas,"CAM, CM, LW",Napoli,Serie A,North Macedonia,23,9,2023-01-13,78,85,76.0,71.0,74.0,83.0,66.0,69.0,74,73,exact_name,1.0
7801,Antonín Barák,0.37290099607578053,0.3615871483282331,3,Czech Republic,236791,A. Barák,Antonín Barák,"CF, CM",Fiorentina,Serie A,Czech Republic,23,9,2023-01-13,81,81,74.0,79.0,80.0,81.0,65.0,75.0,83,80,exact_name,1.0
7345,Mattéo Guendouzi Olié,0.36187199050986096,0.36187199050986096,2,Marseille; Olympique de Marseille,236496,M. Guendouzi,Mattéo Elias Kenzo Guendouzi Olié,"CM, CDM",Olympique Marseille,Ligue 1,France,23,9,2023-01-13,80,86,76.0,68.0,79.0,78.0,77.0,81.0,82,79,token_containment,0.94
3491,Dimitri Payet,0.3607446315829155,0.3607446315829155,1,Olympique de Marseille,177388,D. Payet,Dimitri Payet,"CAM, LW, CF",Olympique Marseille,Ligue 1,France,23,9,2023-01-13,80,80,70.0,77.0,82.0,81.0,40.0,65.0,85,75,exact_name,1.0
28559,Enner Remberto Valencia Lastra,0.35790467556114625,0.35790467556114625,1,Ecuador,220295,E. Valencia,Enner Remberto Valencia Lastra,"ST, LW, RW",Fenerbahçe,Super Lig,Ecuador,23,9,2023-01-13,77,77,87.0,76.0,67.0,75.0,48.0,78.0,65,73,exact_name,1.0
22026,Michal Sadílek,0.35529587797528933,0.35529587797528933,1,Czech Republic,245209,M. Sadílek,Michal Sadílek,"CDM, CM, LB",FC Twente,Eredivisie,Czech Republic,23,9,2023-01-13,75,80,73.0,61.0,70.0,73.0,72.0,78.0,65,72,exact_name,1.0
22600,Lucas Tolentino Coelho de Lima,0.34651579906760877,0.34651579906760877,1,Lyon,233927,Lucas Paquetá,Lucas Tolentino Coelho de Lima,"CAM, CM",West Ham United,Premier League,Brazil,23,9,2023-01-13,82,87,72.0,77.0,79.0,85.0,69.0,77.0,82,81,exact_name,1.0
65726,Themba Zwane,0.3340482761962035,0.3340482761962035,1,South Africa,222560,T. Zwane,Themba Zwane,"CAM, LW, RW",Mamelodi Sundowns,Premier League,South Africa,23,9,2023-01-13,75,75,78.0,69.0,71.0,76.0,49.0,63.0,80,72,exact_name,1.0
28616,Daniel-Kofi Kyereh,0.3333333333333333,0.3333333333333333,1,Ghana,244112,D. Kyereh,Daniel-Kofi Kyereh,"CAM, ST",SC Freiburg,Bundesliga,Ghana,23,9,2023-01-13,75,78,81.0,72.0,66.0,81.0,24.0,62.0,71,74,exact_name,1.0
12303,Kevin Stöger,0.33020404479861004,0.33020404479861004,1,Bochum,204497,K. Stöger,Kevin Stöger,"CM, CAM, CDM",VfL Bochum 1848,Bundesliga,Austria,23,9,2023-01-13,74,74,56.0,68.0,79.0,75.0,46.0,63.0,80,78,exact_name,1.0
3193,Bernardo Mota Veiga de Carvalho e Silva,0.3264881931250001,0.3264881931250001,1,Portugal,218667,Bernardo Silva,Bernardo Mota Veiga de Carvalho e Silva,"CAM, CM",Manchester City,Premier League,Portugal,23,9,2023-01-13,88,88,74.0,78.0,84.0,92.0,66.0,68.0,85,87,exact_name,1.0
7039,Hakan Çalhanoğlu,0.31658419831877993,0.31658419831877993,1,Turkey,208128,H. Çalhanoğlu,Hakan Çalhanoğlu,CM,Inter,Serie A,Turkey,23,9,2023-01-13,84,84,67.0,80.0,85.0,86.0,68.0,64.0,86,84,exact_name,1.0
51094,Abdulelah Al Amri,0.3116770562295,0.3116770562295,1,Saudi Arabia,241197,A. Al Amri,Abdulelah Ali Al-Amri,"CB, RB",Al Nassr,Pro League,Saudi Arabia,23,9,2023-01-13,71,76,70.0,30.0,50.0,48.0,68.0,82.0,41,68,token_containment,0.94
7294,Yoane Wissa,0.30794567628615804,0.30794567628615804,1,Congo DR,234824,Y. Wissa,Yoane Wissa,"LW, ST",Brentford,Premier League,Congo DR,23,9,2023-01-13,75,76,86.0,74.0,65.0,76.0,28.0,68.0,68,70,exact_name,1.0
45115,Enzo Millot,0.29893223966155746,0.29893223966155746,1,VfB Stuttgart,252259,E. Millot,Enzo Camille Alain Millot,"CAM, CM",VfB Stuttgart,Bundesliga,France,23,9,2023-01-13,67,79,65.0,60.0,66.0,71.0,52.0,42.0,67,64,token_containment,0.94
18244,Grady Diangana,0.29184115809548483,0.29184115809548483,1,Congo DR,231436,G. Diangana,Grady Diangana,"LM, ST, RM",West Bromwich Albion,Championship,England,23,9,2023-01-13,70,76,83.0,60.0,63.0,73.0,27.0,57.0,67,67,exact_name,1.0
64629,Thabang Amod Monare,0.2877039983256352,0.2877039983256352,1,South Africa,259281,T. Monare,Thabang Amod Monare,"CM, CDM, RM",Orlando Pirates,Premier League,South Africa,23,9,2023-01-13,66,66,74.0,66.0,66.0,68.0,67.0,64.0,65,61,exact_name,1.0
22319,Romain Faivre,0.26912098753668595,0.26912098753668595,1,Lorient,242577,R. Faivre,Romain Faivre,"RM, CM, CAM",Olympique Lyonnais,Ligue 1,France,23,9,2023-01-13,77,83,74.0,73.0,76.0,79.0,62.0,67.0,78,75,exact_name,1.0
7117,Filip Đuričić,0.2651672646557646,0.2651672646557646,1,Serbia,193881,F. Đuričić,Filip Đuričić,"CAM, LM",Sampdoria,Serie A,Serbia,23,9,2023-01-13,75,75,71.0,69.0,74.0,78.0,42.0,60.0,77,74,exact_name,1.0
24959,Enzo Le Fée,0.21652125539128816,0.21652125539128816,1,Lorient,246350,E. Le Fée,Enzo Jérémy Le Fée,"CM, CAM, RM",Lorient,Ligue 1,France,23,9,2023-01-13,76,83,60.0,56.0,77.0,78.0,60.0,49.0,79,73,token_containment,0.94
4872,Eduard Sobol,0.18040915257208323,0.18040915257208323,1,Ukraine,213928,E. Sobol,Eduard Sobol,"LB, LM",Club Brugge,Jupiler Pro League,Ukraine,23,9,2023-01-13,73,74,77.0,64.0,67.0,70.0,70.0,72.0,65,69,exact_name,1.0
5492,Samuel Yves Umtiti,0.11111111111111108,0.11111111111111108,1,Barcelona,205600,S. Umtiti,Samuel Yves Umtiti,CB,Lecce,Serie A,France,23,9,2023-01-13,79,79,63.0,62.0,68.0,67.0,79.0,75.0,58,75,exact_name,1.0
